,,,
,,,
,,,
Pathway,Track,Subject Combination,Code
ARTS & SPORTS SCIENCE,SPORTS,"Biology,Geography,Sports & Recreation",AS2009
SOCIAL SCIENCES,LANGUAGES & LITERATURE,"Arabic,Computer Studies,French",SS1006
STEM,TECHNICAL STUDIES,"General Science,Marine & Fisheries,Media Technology",ST3050
SOCIAL SCIENCES,HUMANITIES & BUSINESS STUDIES,"Computer Studies,Geography,Islamic Religious Education",SS2033
SOCIAL SCIENCES,HUMANITIES & BUSINESS STUDIES,"Christian Religious Education,Geography,Mandarine Chinese",SS2050
STEM,APPLIED SCIENCES,"Business Studies,Computer Studies,Physics",ST2007
STEM,APPLIED SCIENCES,"Agriculture,Building & Construction,Business Studies",ST2045
SOCIAL SCIENCES,LANGUAGES & LITERATURE,"Computer Studies,Fasihi ya Kiswahili,Indigenous Language",SS1040
SOCIAL SCIENCES,LANGUAGES & LITERATURE,"General Science,Indigenous Language,Literature in English",SS1060
SOCIAL SCIENCES,HUMANITIES & BUSINESS STUDIES,"Christian Religious Education,Geography,History & Citizenship",SS2019
ARTS & SPORTS SCIENCE,ARTS,"Computer Studies,Fine Arts,Music & Dance",AS1021
STEM,APPLIED SCIENCES,"Agriculture,Aviation,Geography",ST2070
SOCIAL SCIENCES,LANGUAGES & LITERATURE,"Arabic,Christian Religious Education,Kenya Sign Language",SS1059
SOCIAL SCIENCES,HUMANITIES & BUSINESS STUDIES,"Business Studies,Christian Religious Education,French",SS2112
ARTS & SPORTS SCIENCE,SPORTS,"Biology,Islamic Religious Education,Sports & Recreation",AS2006
ARTS & SPORTS SCIENCE,SPORTS,"Biology,History & Citizenship,Sports & Recreation",AS2011
STEM,TECHNICAL STUDIES,"Aviation,Geography,Physics",ST3121
SOCIAL SCIENCES,HUMANITIES & BUSINESS STUDIES,"Advanced Mathematics,Geography,Hindu Religious Education",SS2055
SOCIAL SCIENCES,LANGUAGES & LITERATURE,"Fasihi ya Kiswahili,General Science,Kenya Sign Language",SS1037
STEM,TECHNICAL STUDIES,"Computer Studies,General Science,Media Technology",ST3074
STEM,APPLIED SCIENCES,"Agriculture,Computer Studies,Physics",ST2067
STEM,PURE SCIENCES,"Biology,Building & Construction,Chemistry",ST1044
STEM,APPLIED SCIENCES,"Advanced Mathematics,Agriculture,Home Science",ST2091
SOCIAL SCIENCES,HUMANITIES & BUSINESS STUDIES,"Business Studies,German,History & Citizenship",SS2099
STEM,APPLIED SCIENCES,"Agriculture,Geography,Physics",ST2075
SOCIAL SCIENCES,HUMANITIES & BUSINESS STUDIES,"Business Studies,Geography,Literature in English",SS2061
STEM,APPLIED SCIENCES,"Computer Studies,Home Science,Wood Work",ST2019
ARTS & SPORTS SCIENCE,ARTS,"Literature in English,Music & Dance,Theatre & Film",AS1049
STEM,APPLIED SCIENCES,"Agriculture,Business Studies,Electricity",ST2048
ARTS & SPORTS SCIENCE,ARTS,"Fine Arts,General Science,Music & Dance",AS1027
STEM,TECHNICAL STUDIES,"Biology,Business Studies,Metal Work",ST3084
SOCIAL SCIENCES,LANGUAGES & LITERATURE,"Advanced Mathematics,French,Mandarine Chinese",SS1084
STEM,PURE SCIENCES,"Agriculture,Biology,Chemistry",ST1042
STEM,TECHNICAL STUDIES,"Geography,Metal Work,Physics",ST3105
SOCIAL SCIENCES,HUMANITIES & BUSINESS STUDIES,"Business Studies,Geography,Kenya Sign Language",SS2118
SOCIAL SCIENCES,HUMANITIES & BUSINESS STUDIES,"Business Studies,German,Hindu Religious Education",SS2002
SOCIAL SCIENCES,LANGUAGES & LITERATURE,"Advanced Mathematics,Fasihi ya Kiswahili,Kenya Sign Language",SS1044
ARTS & SPORTS SCIENCE,ARTS,"Business Studies,Music & Dance,Theatre & Film",AS1038
ARTS & SPORTS SCIENCE,SPORTS,"General Science,Literature in English,Sports & Recreation",AS2027
SOCIAL SCIENCES,HUMANITIES & BUSINESS STUDIES,"General Science,Geography,Hindu Religious Education",SS2041
STEM,TECHNICAL STUDIES,"Biology,Geography,Power Mechanics",ST3013
STEM,APPLIED SCIENCES,"Agriculture,Business Studies,General Science",ST2049
ARTS & SPORTS SCIENCE,ARTS,"Fine Arts,Hindu Religious Education,Theatre & Film",AS1007
SOCIAL SCIENCES,HUMANITIES & BUSINESS STUDIES,"Computer Studies,Geography,History & Citizenship",SS2024
STEM,TECHNICAL STUDIES,"Electricity,General Science,Home Science",ST3008
ARTS & SPORTS SCIENCE,ARTS,"Hindu Religious Education,Music & Dance,Theatre & Film",AS1042
STEM,APPLIED SCIENCES,"Agriculture,Building & Construction,Computer Studies",ST2058
SOCIAL SCIENCES,HUMANITIES & BUSINESS STUDIES,"Geography,History & Citizenship,Mandarine Chinese",SS2092
STEM,APPLIED SCIENCES,"Biology,Business Studies,Computer Studies",ST2097
SOCIAL SCIENCES,LANGUAGES & LITERATURE,"Arabic,French,General Science",SS1014
ARTS & SPORTS SCIENCE,SPORTS,"General Science,History & Citizenship,Sports & Recreation",AS2026
STEM,TECHNICAL STUDIES,"General Science,Marine & Fisheries,Power Mechanics",ST3118
SOCIAL SCIENCES,HUMANITIES & BUSINESS STUDIES,"Arabic,Christian Religious Education,History & Citizenship",SS2057
SOCIAL SCIENCES,LANGUAGES & LITERATURE,"German,Indigenous Language,Literature in English",SS1065
STEM,APPLIED SCIENCES,"Advanced Mathematics,Business Studies,Computer Studies",ST2077
STEM,TECHNICAL STUDIES,"Advanced Mathematics,General Science,Marine & Fisheries",ST3047
STEM,TECHNICAL STUDIES,"Chemistry,Geography,Power Mechanics",ST3015
SOCIAL SCIENCES,HUMANITIES & BUSINESS STUDIES,"Geography,History & Citizenship,Literature in English",SS2004
STEM,PURE SCIENCES,"Advanced Mathematics,Business Studies,General Science",ST1026
SOCIAL SCIENCES,HUMANITIES & BUSINESS STUDIES,"Business Studies,Geography,Indigenous Language",SS2065
SOCIAL SCIENCES,HUMANITIES & BUSINESS STUDIES,"Advanced Mathematics,Business Studies,Geography",SS2056
ARTS & SPORTS SCIENCE,ARTS,"Biology,Fine Arts,Theatre & Film",AS1002
SOCIAL SCIENCES,HUMANITIES & BUSINESS STUDIES,"Business Studies,German,Islamic Religious Education",SS2003
STEM,PURE SCIENCES,"Advanced Mathematics,Electricity,Physics",ST1035
STEM,TECHNICAL STUDIES,"Business Studies,Geography,Media Technology",ST3068
STEM,PURE SCIENCES,"Advanced Mathematics,Biology,Building & Construction",ST1005
ARTS & SPORTS SCIENCE,ARTS,"Arabic,Music & Dance,Theatre & Film",AS1036
SOCIAL SCIENCES,HUMANITIES & BUSINESS STUDIES,"Business Studies,History & Citizenship,Literature in English",SS2100
STEM,TECHNICAL STUDIES,"Biology,Business Studies,Media Technology",ST3065
SOCIAL SCIENCES,HUMANITIES & BUSINESS STUDIES,"Advanced Mathematics,Hindu Religious Education,History & Citizenship",SS2091
SOCIAL SCIENCES,HUMANITIES & BUSINESS STUDIES,"General Science,Geography,Islamic Religious Education",SS2042
SOCIAL SCIENCES,HUMANITIES & BUSINESS STUDIES,"Business Studies,Fasihi ya Kiswahili,Islamic Religious Education",SS2110
ARTS & SPORTS SCIENCE,ARTS,"Christian Religious Education,Fine Arts,Theatre & Film",AS1005
ARTS & SPORTS SCIENCE,ARTS,"History & Citizenship,Music & Dance,Theatre & Film",AS1048
SOCIAL SCIENCES,HUMANITIES & BUSINESS STUDIES,"Business Studies,Christian Religious Education,General Science",SS2115
STEM,TECHNICAL STUDIES,"Business Studies,Marine & Fisheries,Metal Work",ST3089
STEM,APPLIED SCIENCES,"Advanced Mathematics,Biology,Geography",ST2040
SOCIAL SCIENCES,HUMANITIES & BUSINESS STUDIES,"Business Studies,History & Citizenship,Mandarine Chinese",SS2101
ARTS & SPORTS SCIENCE,ARTS,"Arabic,Fine Arts,Theatre & Film",AS1001
ARTS & SPORTS SCIENCE,ARTS,"Fine Arts,German,Theatre & Film",AS1012
STEM,PURE SCIENCES,"Advanced Mathematics,Metal Work,Physics",ST1039
SOCIAL SCIENCES,HUMANITIES & BUSINESS STUDIES,"Fasihi ya Kiswahili,Hindu Religious Education,History & Citizenship",SS2071
STEM,TECHNICAL STUDIES,"Aviation,Geography,Media Technology",ST3120
STEM,APPLIED SCIENCES,"Agriculture,Aviation,Computer Studies",ST2056
ARTS & SPORTS SCIENCE,ARTS,"Fasihi ya Kiswahili,Music & Dance,Theatre & Film",AS1043
SOCIAL SCIENCES,LANGUAGES & LITERATURE,"French,Indigenous Language,Literature in English",SS1001
STEM,TECHNICAL STUDIES,"Business Studies,Media Technology,Metal Work",ST3091
ARTS & SPORTS SCIENCE,SPORTS,"Biology,Mandarine Chinese,Sports & Recreation",AS2013
STEM,APPLIED SCIENCES,"Aviation,Business Studies,Computer Studies",ST2096
STEM,APPLIED SCIENCES,"Agriculture,Chemistry,Computer Studies",ST2059
ARTS & SPORTS SCIENCE,ARTS,"Fine Arts,Mandarine Chinese,Music & Dance",AS1032
STEM,PURE SCIENCES,"Advanced Mathematics,Chemistry,Geography",ST1016
SOCIAL SCIENCES,HUMANITIES & BUSINESS STUDIES,"General Science,Geography,History & Citizenship",SS2013
ARTS & SPORTS SCIENCE,ARTS,"French,Music & Dance,Theatre & Film",AS1044
SOCIAL SCIENCES,LANGUAGES & LITERATURE,"Fasihi ya Kiswahili,Indigenous Language,Literature in English",SS1002
SOCIAL SCIENCES,HUMANITIES & BUSINESS STUDIES,"Geography,German,Hindu Religious Education",SS2044
STEM,TECHNICAL STUDIES,"General Science,Media Technology,Power Mechanics",ST3011
STEM,TECHNICAL STUDIES,"Computer Studies,General Science,Marine & Fisheries",ST3044
SOCIAL SCIENCES,HUMANITIES & BUSINESS STUDIES,"French,Geography,Islamic Religious Education",SS2039
STEM,APPLIED SCIENCES,"Aviation,Computer Studies,Home Science",ST2020
SOCIAL SCIENCES,HUMANITIES & BUSINESS STUDIES,"Christian Religious Education,Fasihi ya Kiswahili,History & Citizenship",SS2069
ARTS & SPORTS SCIENCE,SPORTS,"Advanced Mathematics,General Science,Sports & Recreation",AS2029
ARTS & SPORTS SCIENCE,ARTS,"Fine Arts,German,Music & Dance",AS1029
STEM,PURE SCIENCES,"Aviation,Biology,Chemistry",ST1043
STEM,TECHNICAL STUDIES,"Advanced Mathematics,Electricity,Geography",ST3024
STEM,TECHNICAL STUDIES,"Chemistry,Geography,Marine & Fisheries",ST3054
STEM,APPLIED SCIENCES,"Agriculture,Home Science,Metal Work",ST2092
SOCIAL SCIENCES,LANGUAGES & LITERATURE,"Arabic,Computer Studies,Kenya Sign Language",SS1058
STEM,APPLIED SCIENCES,"Computer Studies,Geography,Metal Work",ST2017
STEM,TECHNICAL STUDIES,"Electricity,Geography,Marine & Fisheries",ST3022
STEM,PURE SCIENCES,"Advanced Mathematics,Chemistry,Wood Work",ST1022
SOCIAL SCIENCES,LANGUAGES & LITERATURE,"Arabic,Fasihi ya Kiswahili,Indigenous Language",SS1043
STEM,APPLIED SCIENCES,"Agriculture,Building & Construction,Home Science",ST2083
STEM,TECHNICAL STUDIES,"General Science,Media Technology,Wood Work",ST3053
STEM,APPLIED SCIENCES,"Agriculture,Home Science,Marine & Fisheries",ST2090
SOCIAL SCIENCES,HUMANITIES & BUSINESS STUDIES,"Christian Religious Education,Computer Studies,History & Citizenship",SS2064
SOCIAL SCIENCES,HUMANITIES & BUSINESS STUDIES,"Hindu Religious Education,History & Citizenship,Mandarine Chinese",SS2086
STEM,TECHNICAL STUDIES,"Computer Studies,Electricity,Geography",ST3006
SOCIAL SCIENCES,LANGUAGES & LITERATURE,"Arabic,French,Hindu Religious Education",SS1011
STEM,APPLIED SCIENCES,"Chemistry,Computer Studies,Home Science",ST2024
STEM,TECHNICAL STUDIES,"Geography,Media Technology,Physics",ST3082
STEM,TECHNICAL STUDIES,"Business Studies,Physics,Wood Work",ST3038
SOCIAL SCIENCES,LANGUAGES & LITERATURE,"Fasihi ya Kiswahili,Indigenous Language,Kenya Sign Language",SS1018
STEM,TECHNICAL STUDIES,"Business Studies,Chemistry,Power Mechanics",ST3107
SOCIAL SCIENCES,LANGUAGES & LITERATURE,"Advanced Mathematics,Arabic,French",SS1019
SOCIAL SCIENCES,LANGUAGES & LITERATURE,"Fasihi ya Kiswahili,General Science,Indigenous Language",SS1029
STEM,PURE SCIENCES,"Advanced Mathematics,Biology,Power Mechanics",ST1008
SOCIAL SCIENCES,HUMANITIES & BUSINESS STUDIES,"Fasihi ya Kiswahili,Geography,History & Citizenship",SS2018
STEM,PURE SCIENCES,"Advanced Mathematics,Chemistry,Marine & Fisheries",ST1018
SOCIAL SCIENCES,HUMANITIES & BUSINESS STUDIES,"Business Studies,Christian Religious Education,Fasihi ya Kiswahili",SS2109
STEM,APPLIED SCIENCES,"Agriculture,Home Science,Wood Work",ST2095
SOCIAL SCIENCES,LANGUAGES & LITERATURE,"French,German,Islamic Religious Education",SS1050
STEM,TECHNICAL STUDIES,"Advanced Mathematics,Geography,Media Technology",ST3081
STEM,APPLIED SCIENCES,"Agriculture,Computer Studies,Electricity",ST2060
STEM,TECHNICAL STUDIES,"Business Studies,Chemistry,Metal Work",ST3085
SOCIAL SCIENCES,LANGUAGES & LITERATURE,"Arabic,French,Kenya Sign Language",SS1064
ARTS & SPORTS SCIENCE,ARTS,"Fine Arts,French,Theatre & Film",AS1009
SOCIAL SCIENCES,HUMANITIES & BUSINESS STUDIES,"Arabic,Business Studies,Christian Religious Education",SS2103
STEM,TECHNICAL STUDIES,"Geography,Home Science,Power Mechanics",ST3018
STEM,APPLIED SCIENCES,"Business Studies,Computer Studies,Wood Work",ST2009
STEM,APPLIED SCIENCES,"Agriculture,Business Studies,Computer Studies",ST2047
ARTS & SPORTS SCIENCE,ARTS,"Christian Religious Education,Fine Arts,Music & Dance",AS1022
STEM,APPLIED SCIENCES,"Building & Construction,Business Studies,Computer Studies",ST2098
SOCIAL SCIENCES,HUMANITIES & BUSINESS STUDIES,"General Science,History & Citizenship,Islamic Religious Education",SS2077
STEM,APPLIED SCIENCES,"Agriculture,Aviation,Business Studies",ST2043
STEM,TECHNICAL STUDIES,"Business Studies,Home Science,Wood Work",ST3034
SOCIAL SCIENCES,LANGUAGES & LITERATURE,"Advanced Mathematics,Arabic,Kenya Sign Language",SS1074
STEM,PURE SCIENCES,"Advanced Mathematics,Chemistry,Electricity",ST1015
SOCIAL SCIENCES,HUMANITIES & BUSINESS STUDIES,"German,History & Citizenship,Islamic Religious Education",SS2080
SOCIAL SCIENCES,LANGUAGES & LITERATURE,"Fasihi ya Kiswahili,Hindu Religious Education,Kenya Sign Language",SS1033
STEM,PURE SCIENCES,"Advanced Mathematics,Biology,Physics",ST1007
SOCIAL SCIENCES,HUMANITIES & BUSINESS STUDIES,"Christian Religious Education,Fasihi ya Kiswahili,Geography",SS2035
ARTS & SPORTS SCIENCE,SPORTS,"Biology,Computer Studies,Sports & Recreation",AS2003
ARTS & SPORTS SCIENCE,ARTS,"Biology,Fine Arts,Music & Dance",AS1019
ARTS & SPORTS SCIENCE,SPORTS,"General Science,Hindu Religious Education,Sports & Recreation",AS2021
STEM,APPLIED SCIENCES,"Computer Studies,Home Science,Marine & Fisheries",ST2028
STEM,PURE SCIENCES,"Advanced Mathematics,Aviation,General Science",ST1024
STEM,PURE SCIENCES,"Advanced Mathematics,Computer Studies,Physics",ST1034
SOCIAL SCIENCES,HUMANITIES & BUSINESS STUDIES,"Arabic,Business Studies,History & Citizenship",SS2094
SOCIAL SCIENCES,LANGUAGES & LITERATURE,"Fasihi ya Kiswahili,German,Indigenous Language",SS1025
SOCIAL SCIENCES,HUMANITIES & BUSINESS STUDIES,"Arabic,Geography,History & Citizenship",SS2026
SOCIAL SCIENCES,HUMANITIES & BUSINESS STUDIES,"History & Citizenship,Islamic Religious Education,Mandarine Chinese",SS2087
SOCIAL SCIENCES,LANGUAGES & LITERATURE,"Fasihi ya Kiswahili,Hindu Religious Education,Indigenous Language",SS1036
SOCIAL SCIENCES,HUMANITIES & BUSINESS STUDIES,"Business Studies,French,History & Citizenship",SS2097
SOCIAL SCIENCES,HUMANITIES & BUSINESS STUDIES,"Advanced Mathematics,Business Studies,Hindu Religious Education",SS2027
SOCIAL SCIENCES,HUMANITIES & BUSINESS STUDIES,"History & Citizenship,Islamic Religious Education,Literature in English",SS2083
SOCIAL SCIENCES,HUMANITIES & BUSINESS STUDIES,"Business Studies,General Science,Islamic Religious Education",SS2116
STEM,TECHNICAL STUDIES,"Advanced Mathematics,Geography,Metal Work",ST3103
STEM,TECHNICAL STUDIES,"Computer Studies,Geography,Media Technology",ST3079
SOCIAL SCIENCES,LANGUAGES & LITERATURE,"Fasihi ya Kiswahili,Indigenous Language,Mandarine Chinese",SS1022
STEM,TECHNICAL STUDIES,"Chemistry,Geography,Metal Work",ST3099
STEM,TECHNICAL STUDIES,"Chemistry,Electricity,Geography",ST3017
STEM,APPLIED SCIENCES,"Agriculture,Geography,Wood Work",ST2078
STEM,TECHNICAL STUDIES,"Geography,Home Science,Wood Work",ST3060
SOCIAL SCIENCES,LANGUAGES & LITERATURE,"Advanced Mathematics,Fasihi ya Kiswahili,Indigenous Language",SS1020
STEM,TECHNICAL STUDIES,"Biology,Electricity,Geography",ST3014
STEM,TECHNICAL STUDIES,"Business Studies,General Science,Metal Work",ST3086
SOCIAL SCIENCES,LANGUAGES & LITERATURE,"French,Geography,Mandarine Chinese",SS1055
STEM,TECHNICAL STUDIES,"Computer Studies,Geography,Power Mechanics",ST3016
SOCIAL SCIENCES,LANGUAGES & LITERATURE,"Indigenous Language,Islamic Religious Education,Literature in English",SS1007
STEM,PURE SCIENCES,"Advanced Mathematics,Agriculture,General Science",ST1023
SOCIAL SCIENCES,LANGUAGES & LITERATURE,"Fasihi ya Kiswahili,Kenya Sign Language,Mandarine Chinese",SS1026
SOCIAL SCIENCES,LANGUAGES & LITERATURE,"Advanced Mathematics,Indigenous Language,Literature in English",SS1069
STEM,APPLIED SCIENCES,"Aviation,Computer Studies,Geography",ST2010
STEM,TECHNICAL STUDIES,"Aviation,Business Studies,Metal Work",ST3083
ARTS & SPORTS SCIENCE,SPORTS,"Arabic,Biology,Sports & Recreation",AS2001
SOCIAL SCIENCES,LANGUAGES & LITERATURE,"Fasihi ya Kiswahili,Islamic Religious Education,Kenya Sign Language",SS1031
SOCIAL SCIENCES,HUMANITIES & BUSINESS STUDIES,"Computer Studies,Hindu Religious Education,History & Citizenship",SS2062
SOCIAL SCIENCES,HUMANITIES & BUSINESS STUDIES,"Business Studies,Christian Religious Education,German",SS2005
ARTS & SPORTS SCIENCE,ARTS,"Fine Arts,Geography,Theatre & Film",AS1011
ARTS & SPORTS SCIENCE,ARTS,"Fine Arts,History & Citizenship,Music & Dance",AS1030
SOCIAL SCIENCES,HUMANITIES & BUSINESS STUDIES,"Business Studies,Hindu Religious Education,Literature in English",SS2012
STEM,TECHNICAL STUDIES,"General Science,Geography,Wood Work",ST3046
SOCIAL SCIENCES,HUMANITIES & BUSINESS STUDIES,"Business Studies,General Science,Hindu Religious Education",SS2117
ARTS & SPORTS SCIENCE,ARTS,"Computer Studies,Music & Dance,Theatre & Film",AS1039
STEM,TECHNICAL STUDIES,"General Science,Media Technology,Metal Work",ST3097
STEM,APPLIED SCIENCES,"Agriculture,Business Studies,Wood Work",ST2055
STEM,APPLIED SCIENCES,"Business Studies,Computer Studies,Electricity",ST2001
STEM,APPLIED SCIENCES,"Computer Studies,Electricity,Home Science",ST2025
SOCIAL SCIENCES,LANGUAGES & LITERATURE,"Christian Religious Education,French,Mandarine Chinese",SS1077
STEM,PURE SCIENCES,"Advanced Mathematics,Business Studies,Physics",ST1033
SOCIAL SCIENCES,LANGUAGES & LITERATURE,"Arabic,Business Studies,Kenya Sign Language",SS1057
STEM,APPLIED SCIENCES,"Agriculture,Home Science,Physics",ST2093
ARTS & SPORTS SCIENCE,ARTS,"Arabic,Fine Arts,Music & Dance",AS1018
ARTS & SPORTS SCIENCE,ARTS,"Fine Arts,Islamic Religious Education,Music & Dance",AS1023
STEM,TECHNICAL STUDIES,"Business Studies,Geography,Wood Work",ST3032
STEM,TECHNICAL STUDIES,"Geography,Marine & Fisheries,Media Technology",ST3061
SOCIAL SCIENCES,HUMANITIES & BUSINESS STUDIES,"Geography,Hindu Religious Education,Mandarine Chinese",SS2052
STEM,TECHNICAL STUDIES,"Geography,Media Technology,Metal Work",ST3104
STEM,TECHNICAL STUDIES,"Biology,Business Studies,Wood Work",ST3027
SOCIAL SCIENCES,LANGUAGES & LITERATURE,"Advanced Mathematics,French,German",SS1046
SOCIAL SCIENCES,LANGUAGES & LITERATURE,"Business Studies,Fasihi ya Kiswahili,Kenya Sign Language",SS1023
ARTS & SPORTS SCIENCE,SPORTS,"General Science,Media Technology,Sports & Recreation",AS2030
SOCIAL SCIENCES,LANGUAGES & LITERATURE,"Business Studies,Fasihi ya Kiswahili,Literature in English",SS1080
STEM,TECHNICAL STUDIES,"Advanced Mathematics,General Science,Wood Work",ST3051
STEM,TECHNICAL STUDIES,"Business Studies,Marine & Fisheries,Wood Work",ST3035
STEM,TECHNICAL STUDIES,"Advanced Mathematics,Business Studies,Metal Work",ST3090
STEM,PURE SCIENCES,"Advanced Mathematics,Agriculture,Chemistry",ST1010
SOCIAL SCIENCES,LANGUAGES & LITERATURE,"Fasihi ya Kiswahili,Indigenous Language,Islamic Religious Education",SS1038
SOCIAL SCIENCES,HUMANITIES & BUSINESS STUDIES,"Business Studies,General Science,History & Citizenship",SS2098
SOCIAL SCIENCES,LANGUAGES & LITERATURE,"French,Geography,German",SS1051
SOCIAL SCIENCES,HUMANITIES & BUSINESS STUDIES,"Geography,German,History & Citizenship",SS2010
ARTS & SPORTS SCIENCE,SPORTS,"Biology,Hindu Religious Education,Sports & Recreation",AS2005
STEM,TECHNICAL STUDIES,"Advanced Mathematics,Business Studies,Marine & Fisheries",ST3040
SOCIAL SCIENCES,HUMANITIES & BUSINESS STUDIES,"French,History & Citizenship,Islamic Religious Education",SS2074
STEM,TECHNICAL STUDIES,"Geography,Physics,Wood Work",ST3071
SOCIAL SCIENCES,HUMANITIES & BUSINESS STUDIES,"Arabic,Christian Religious Education,Geography",SS2029
STEM,TECHNICAL STUDIES,"Advanced Mathematics,Geography,Marine & Fisheries",ST3059
STEM,APPLIED SCIENCES,"Agriculture,Computer Studies,Wood Work",ST2069
SOCIAL SCIENCES,HUMANITIES & BUSINESS STUDIES,"Christian Religious Education,Geography,Literature in English",SS2047
ARTS & SPORTS SCIENCE,ARTS,"Biology,Music & Dance,Theatre & Film",AS1037
ARTS & SPORTS SCIENCE,ARTS,"German,Music & Dance,Theatre & Film",AS1047
ARTS & SPORTS SCIENCE,ARTS,"Christian Religious Education,Music & Dance,Theatre & Film",AS1040
STEM,APPLIED SCIENCES,"Agriculture,Geography,Power Mechanics",ST2076
STEM,TECHNICAL STUDIES,"Business Studies,Media Technology,Physics",ST3073
SOCIAL SCIENCES,LANGUAGES & LITERATURE,"Christian Religious Education,Fasihi ya Kiswahili,Kenya Sign Language",SS1030
STEM,TECHNICAL STUDIES,"Business Studies,General Science,Wood Work",ST3031
SOCIAL SCIENCES,HUMANITIES & BUSINESS STUDIES,"Business Studies,Geography,History & Citizenship",SS2025
STEM,PURE SCIENCES,"Advanced Mathematics,Biology,Metal Work",ST1006
ARTS & SPORTS SCIENCE,ARTS,"Fine Arts,Hindu Religious Education,Music & Dance",AS1024
ARTS & SPORTS SCIENCE,ARTS,"Mandarine Chinese,Music & Dance,Theatre & Film",AS1050
STEM,PURE SCIENCES,"Advanced Mathematics,Aviation,Chemistry",ST1011
ARTS & SPORTS SCIENCE,ARTS,"Fine Arts,Mandarine Chinese,Theatre & Film",AS1015
ARTS & SPORTS SCIENCE,ARTS,"Fine Arts,French,Music & Dance",AS1026
STEM,TECHNICAL STUDIES,"Business Studies,Chemistry,Wood Work",ST3029
STEM,PURE SCIENCES,"Advanced Mathematics,Biology,Chemistry",ST1004
STEM,TECHNICAL STUDIES,"Geography,Marine & Fisheries,Physics",ST3062
SOCIAL SCIENCES,LANGUAGES & LITERATURE,"Indigenous Language,Literature in English,Mandarine Chinese",SS1068
STEM,PURE SCIENCES,"Advanced Mathematics,Marine & Fisheries,Physics",ST1038
ARTS & SPORTS SCIENCE,SPORTS,"General Science,Islamic Religious Education,Sports & Recreation",AS2020
STEM,TECHNICAL STUDIES,"Advanced Mathematics,Business Studies,Power Mechanics",ST3113
SOCIAL SCIENCES,LANGUAGES & LITERATURE,"Arabic,Geography,Kenya Sign Language",SS1070
SOCIAL SCIENCES,LANGUAGES & LITERATURE,"Fasihi ya Kiswahili,History & Citizenship,Kenya Sign Language",SS1041
STEM,TECHNICAL STUDIES,"General Science,Marine & Fisheries,Metal Work",ST3095
SOCIAL SCIENCES,HUMANITIES & BUSINESS STUDIES,"Arabic,Business Studies,Hindu Religious Education",SS2105
STEM,APPLIED SCIENCES,"Agriculture,Business Studies,Physics",ST2053
STEM,APPLIED SCIENCES,"Agriculture,Computer Studies,Home Science",ST2063
STEM,TECHNICAL STUDIES,"Business Studies,Chemistry,Media Technology",ST3066
ARTS & SPORTS SCIENCE,SPORTS,"Advanced Mathematics,Biology,Sports & Recreation",AS2014
SOCIAL SCIENCES,HUMANITIES & BUSINESS STUDIES,"Arabic,Geography,Hindu Religious Education",SS2031
SOCIAL SCIENCES,LANGUAGES & LITERATURE,"Fasihi ya Kiswahili,Geography,Kenya Sign Language",SS1039
STEM,PURE SCIENCES,"Advanced Mathematics,Physics,Wood Work",ST1041
SOCIAL SCIENCES,LANGUAGES & LITERATURE,"French,Hindu Religious Education,Mandarine Chinese",SS1079
STEM,APPLIED SCIENCES,"Business Studies,Computer Studies,Marine & Fisheries",ST2004
SOCIAL SCIENCES,HUMANITIES & BUSINESS STUDIES,"Business Studies,Hindu Religious Education,History & Citizenship",SS2006
STEM,TECHNICAL STUDIES,"Advanced Mathematics,General Science,Metal Work",ST3096
SOCIAL SCIENCES,LANGUAGES & LITERATURE,"French,German,History & Citizenship",SS1049
SOCIAL SCIENCES,LANGUAGES & LITERATURE,"Computer Studies,French,German",SS1047
ARTS & SPORTS SCIENCE,ARTS,"General Science,Music & Dance,Theatre & Film",AS1045
STEM,APPLIED SCIENCES,"Agriculture,Business Studies,Home Science",ST2085
STEM,PURE SCIENCES,"Advanced Mathematics,Aviation,Physics",ST1031
STEM,TECHNICAL STUDIES,"Computer Studies,General Science,Wood Work",ST3043
STEM,APPLIED SCIENCES,"Computer Studies,Home Science,Metal Work",ST2030
SOCIAL SCIENCES,HUMANITIES & BUSINESS STUDIES,"Business Studies,Christian Religious Education,Mandarine Chinese",SS2017
STEM,TECHNICAL STUDIES,"Geography,Physics,Power Mechanics",ST3023
SOCIAL SCIENCES,HUMANITIES & BUSINESS STUDIES,"Christian Religious Education,General Science,History & Citizenship",SS2076
STEM,TECHNICAL STUDIES,"Chemistry,Geography,Media Technology",ST3078
STEM,TECHNICAL STUDIES,"Biology,Geography,Wood Work",ST3055
STEM,APPLIED SCIENCES,"Agriculture,Business Studies,Chemistry",ST2046
STEM,PURE SCIENCES,"Advanced Mathematics,Biology,Marine & Fisheries",ST1047
"STEM
SOCIAL SCIENCES","TECHNICAL STUDIES
LANGUAGES & LITERATURE","General Science,Home Science,Metal Work
History & Citizenship,Indigenous Language,Literature in English",ST3094 SS1067
ARTS & SPORTS SCIENCE,ARTS,"Business Studies,Fine Arts,Theatre & Film",AS1003
STEM,TECHNICAL STUDIES,"Business Studies,Computer Studies,Media Technology",ST3067
SOCIAL SCIENCES,LANGUAGES & LITERATURE,"Arabic,French,Islamic Religious Education",SS1009
ARTS & SPORTS SCIENCE,ARTS,"Advanced Mathematics,Fine Arts,Theatre & Film",AS1016
STEM,APPLIED SCIENCES,"Agriculture,Business Studies,Marine & Fisheries",ST2051
STEM,APPLIED SCIENCES,"Agriculture,Electricity,Home Science",ST2087
STEM,APPLIED SCIENCES,"Computer Studies,Geography,Marine & Fisheries",ST2015
STEM,TECHNICAL STUDIES,"Advanced Mathematics,Geography,Power Mechanics",ST3020
ARTS & SPORTS SCIENCE,SPORTS,"Business Studies,General Science,Sports & Recreation",AS2017
STEM,PURE SCIENCES,"Advanced Mathematics,Biology,Wood Work",ST1009
SOCIAL SCIENCES,LANGUAGES & LITERATURE,"French,Islamic Religious Education,Mandarine Chinese",SS1078
STEM,APPLIED SCIENCES,"Agriculture,Biology,Home Science",ST2081
SOCIAL SCIENCES,HUMANITIES & BUSINESS STUDIES,"Hindu Religious Education,History & Citizenship,Literature in English",SS2085
STEM,TECHNICAL STUDIES,"Business Studies,Marine & Fisheries,Physics",ST3042
STEM,APPLIED SCIENCES,"Agriculture,Computer Studies,Metal Work",ST2066
SOCIAL SCIENCES,LANGUAGES & LITERATURE,"Christian Religious Education,Fasihi ya Kiswahili,Indigenous Language",SS1034
STEM,APPLIED SCIENCES,"Computer Studies,General Science,Geography",ST2014
STEM,PURE SCIENCES,"Advanced Mathematics,General Science,Geography",ST1028
STEM,TECHNICAL STUDIES,"Business Studies,Physics,Power Mechanics",ST3115
SOCIAL SCIENCES,HUMANITIES & BUSINESS STUDIES,"Fasihi ya Kiswahili,History & Citizenship,Islamic Religious Education",SS2070
SOCIAL SCIENCES,LANGUAGES & LITERATURE,"Indigenous Language,Kenya Sign Language,Literature in English",SS1071
STEM,TECHNICAL STUDIES,"General Science,Home Science,Power Mechanics",ST3117
SOCIAL SCIENCES,HUMANITIES & BUSINESS STUDIES,"Christian Religious Education,German,History & Citizenship",SS2079
STEM,TECHNICAL STUDIES,"Business Studies,Media Technology,Power Mechanics",ST3114
STEM,PURE SCIENCES,"Advanced Mathematics,Agriculture,Physics",ST1030
ARTS & SPORTS SCIENCE,SPORTS,"Biology,Business Studies,Sports & Recreation",AS2002
SOCIAL SCIENCES,LANGUAGES & LITERATURE,"Arabic,French,Mandarine Chinese",SS1017
STEM,TECHNICAL STUDIES,"Business Studies,Geography,Power Mechanics",ST3110
ARTS & SPORTS SCIENCE,SPORTS,"General Science,Geography,Sports & Recreation",AS2024
SOCIAL SCIENCES,HUMANITIES & BUSINESS STUDIES,"Computer Studies,Geography,Hindu Religious Education",SS2032
STEM,APPLIED SCIENCES,"Biology,Computer Studies,Geography",ST2011
SOCIAL SCIENCES,HUMANITIES & BUSINESS STUDIES,"Advanced Mathematics,Christian Religious Education,History & Citizenship",SS2089
SOCIAL SCIENCES,HUMANITIES & BUSINESS STUDIES,"Computer Studies,History & Citizenship,Islamic Religious Education",SS2063
SOCIAL SCIENCES,HUMANITIES & BUSINESS STUDIES,"Advanced Mathematics,Geography,History & Citizenship",SS2093
SOCIAL SCIENCES,LANGUAGES & LITERATURE,"Business Studies,French,Mandarine Chinese",SS1075
ARTS & SPORTS SCIENCE,SPORTS,"Computer Studies,General Science,Sports & Recreation",AS2018
STEM,TECHNICAL STUDIES,"Geography,Marine & Fisheries,Wood Work",ST3063
ARTS & SPORTS SCIENCE,ARTS,"Fine Arts,Sports & Recreation,Theatre & Film",AS1017
ARTS & SPORTS SCIENCE,SPORTS,"General Science,Mandarine Chinese,Sports & Recreation",AS2028
SOCIAL SCIENCES,LANGUAGES & LITERATURE,"French,German,Hindu Religious Education",SS1052
SOCIAL SCIENCES,LANGUAGES & LITERATURE,"Arabic,French,History & Citizenship",SS1016
STEM,TECHNICAL STUDIES,"Business Studies,General Science,Marine & Fisheries",ST3033
STEM,APPLIED SCIENCES,"Agriculture,Business Studies,Metal Work",ST2052
SOCIAL SCIENCES,HUMANITIES & BUSINESS STUDIES,"Business Studies,Christian Religious Education,History & Citizenship",SS2008
STEM,TECHNICAL STUDIES,"Advanced Mathematics,Electricity,General Science",ST3010
SOCIAL SCIENCES,HUMANITIES & BUSINESS STUDIES,"French,Geography,Hindu Religious Education",SS2038
STEM,TECHNICAL STUDIES,"Electricity,Geography,Physics",ST3026
STEM,PURE SCIENCES,"Biology,Business Studies,Chemistry",ST1045
SOCIAL SCIENCES,HUMANITIES & BUSINESS STUDIES,"Business Studies,Christian Religious Education,Literature in English",SS2009
STEM,TECHNICAL STUDIES,"Business Studies,General Science,Power Mechanics",ST3109
ARTS & SPORTS SCIENCE,ARTS,"Fine Arts,General Science,Theatre & Film",AS1010
SOCIAL SCIENCES,HUMANITIES & BUSINESS STUDIES,"Business Studies,Computer Studies,History & Citizenship",SS2095
SOCIAL SCIENCES,HUMANITIES & BUSINESS STUDIES,"Business Studies,Christian Religious Education,Computer Studies",SS2106
STEM,APPLIED SCIENCES,"Agriculture,Chemistry,Home Science",ST2086
ARTS & SPORTS SCIENCE,ARTS,"Geography,Music & Dance,Theatre & Film",AS1046
SOCIAL SCIENCES,HUMANITIES & BUSINESS STUDIES,"Christian Religious Education,Geography,German",SS2046
STEM,PURE SCIENCES,"Advanced Mathematics,Building & Construction,Chemistry",ST1012
SOCIAL SCIENCES,HUMANITIES & BUSINESS STUDIES,"Advanced Mathematics,History & Citizenship,Islamic Religious Education",SS2090
ARTS & SPORTS SCIENCE,ARTS,"Fine Arts,Geography,Music & Dance",AS1028
SOCIAL SCIENCES,HUMANITIES & BUSINESS STUDIES,"Geography,Islamic Religious Education,Mandarine Chinese",SS2051
SOCIAL SCIENCES,LANGUAGES & LITERATURE,"Fasihi ya Kiswahili,French,Indigenous Language",SS1032
STEM,PURE SCIENCES,"Advanced Mathematics,Chemistry,Computer Studies",ST1014
SOCIAL SCIENCES,LANGUAGES & LITERATURE,"Hindu Religious Education,Indigenous Language,Literature in English",SS1005
SOCIAL SCIENCES,HUMANITIES & BUSINESS STUDIES,"Geography,Islamic Religious Education,Literature in English",SS2048
SOCIAL SCIENCES,LANGUAGES & LITERATURE,"Fasihi ya Kiswahili,Literature in English,Mandarine Chinese",SS1082
STEM,TECHNICAL STUDIES,"General Science,Home Science,Marine & Fisheries",ST3045
ARTS & SPORTS SCIENCE,SPORTS,"Biology,Fasihi ya Kiswahili,Sports & Recreation",AS2007
STEM,APPLIED SCIENCES,"Agriculture,Geography,Home Science",ST2089
STEM,TECHNICAL STUDIES,"General Science,Home Science,Media Technology",ST3075
STEM,APPLIED SCIENCES,"Advanced Mathematics,Agriculture,Computer Studies",ST2065
STEM,PURE SCIENCES,"Advanced Mathematics,Aviation,Biology",ST1002
SOCIAL SCIENCES,LANGUAGES & LITERATURE,"Arabic,Islamic Religious Education,Kenya Sign Language",SS1062
ARTS & SPORTS SCIENCE,ARTS,"Advanced Mathematics,Music & Dance,Theatre & Film",AS1051
ARTS & SPORTS SCIENCE,ARTS,"Music & Dance,Sports & Recreation,Theatre & Film",AS1052
SOCIAL SCIENCES,HUMANITIES & BUSINESS STUDIES,"Advanced Mathematics,Geography,Islamic Religious Education",SS2054
STEM,APPLIED SCIENCES,"Advanced Mathematics,Biology,Computer Studies",ST2038
SOCIAL SCIENCES,HUMANITIES & BUSINESS STUDIES,"Christian Religious Education,Computer Studies,Geography",SS2034
STEM,TECHNICAL STUDIES,"Biology,Business Studies,Power Mechanics",ST3106
SOCIAL SCIENCES,HUMANITIES & BUSINESS STUDIES,"Advanced Mathematics,Business Studies,Christian Religious Education",SS2021
STEM,TECHNICAL STUDIES,"Geography,Home Science,Metal Work",ST3101
STEM,TECHNICAL STUDIES,"Electricity,Geography,Home Science",ST3007
STEM,TECHNICAL STUDIES,"Chemistry,Geography,Wood Work",ST3056
STEM,PURE SCIENCES,"Advanced Mathematics,Agriculture,Biology",ST1001
STEM,TECHNICAL STUDIES,"Electricity,General Science,Marine & Fisheries",ST3009
ARTS & SPORTS SCIENCE,SPORTS,"Biology,Literature in English,Sports & Recreation",AS2012
STEM,PURE SCIENCES,"Advanced Mathematics,Chemistry,Power Mechanics",ST1021
ARTS & SPORTS SCIENCE,ARTS,"Fasihi ya Kiswahili,Fine Arts,Theatre & Film",AS1008
STEM,APPLIED SCIENCES,"Computer Studies,Geography,Physics",ST2018
SOCIAL SCIENCES,LANGUAGES & LITERATURE,"Computer Studies,French,Mandarine Chinese",SS1076
STEM,APPLIED SCIENCES,"Agriculture,Computer Studies,Marine & Fisheries",ST2064
SOCIAL SCIENCES,LANGUAGES & LITERATURE,"Arabic,General Science,Kenya Sign Language",SS1066
STEM,APPLIED SCIENCES,"Agriculture,Biology,Geography",ST2071
SOCIAL SCIENCES,HUMANITIES & BUSINESS STUDIES,"Christian Religious Education,History & Citizenship,Mandarine Chinese",SS2088
STEM,APPLIED SCIENCES,"Building & Construction,Computer Studies,Geography",ST2012
STEM,APPLIED SCIENCES,"Agriculture,Computer Studies,Geography",ST2062
SOCIAL SCIENCES,LANGUAGES & LITERATURE,"Fasihi ya Kiswahili,Kenya Sign Language,Literature in English",SS1083
SOCIAL SCIENCES,HUMANITIES & BUSINESS STUDIES,"Advanced Mathematics,Business Studies,Islamic Religious Education",SS2023
STEM,APPLIED SCIENCES,"Agriculture,Electricity,Geography",ST2080
SOCIAL SCIENCES,LANGUAGES & LITERATURE,"Business Studies,French,German",SS1045
STEM,APPLIED SCIENCES,"Advanced Mathematics,Biology,Electricity",ST2039
ARTS & SPORTS SCIENCE,SPORTS,"General Science,German,Sports & Recreation",AS2025
STEM,PURE SCIENCES,"Biology,Chemistry,Computer Studies",ST1046
SOCIAL SCIENCES,HUMANITIES & BUSINESS STUDIES,"Business Studies,Computer Studies,Hindu Religious Education",SS2108
STEM,TECHNICAL STUDIES,"Geography,Home Science,Media Technology",ST3080
ARTS & SPORTS SCIENCE,SPORTS,"Biology,German,Sports & Recreation",AS2010
STEM,APPLIED SCIENCES,"Business Studies,Computer Studies,Home Science",ST2023
STEM,TECHNICAL STUDIES,"Computer Studies,Geography,Wood Work",ST3057
STEM,TECHNICAL STUDIES,"Business Studies,Marine & Fisheries,Power Mechanics",ST3112
STEM,APPLIED SCIENCES,"Business Studies,Computer Studies,Metal Work",ST2006
SOCIAL SCIENCES,HUMANITIES & BUSINESS STUDIES,"Arabic,History & Citizenship,Islamic Religious Education",SS2058
STEM,PURE SCIENCES,"Advanced Mathematics,Chemistry,Metal Work",ST1019
ARTS & SPORTS SCIENCE,SPORTS,"Biology,French,Sports & Recreation",AS2008
STEM,APPLIED SCIENCES,"Agriculture,Home Science,Power Mechanics",ST2094
SOCIAL SCIENCES,HUMANITIES & BUSINESS STUDIES,"Geography,Hindu Religious Education,Literature in English",SS2049
STEM,TECHNICAL STUDIES,"Geography,Media Technology,Power Mechanics",ST3021
STEM,APPLIED SCIENCES,"Advanced Mathematics,Computer Studies,Geography",ST2016
SOCIAL SCIENCES,LANGUAGES & LITERATURE,"Business Studies,Fasihi ya Kiswahili,Indigenous Language",SS1042
SOCIAL SCIENCES,HUMANITIES & BUSINESS STUDIES,"Christian Religious Education,History & Citizenship,Literature in English",SS2082
SOCIAL SCIENCES,LANGUAGES & LITERATURE,"Computer Studies,Fasihi ya Kiswahili,Kenya Sign Language",SS1028
STEM,TECHNICAL STUDIES,"Geography,Home Science,Marine & Fisheries",ST3058
SOCIAL SCIENCES,HUMANITIES & BUSINESS STUDIES,"Business Studies,French,Islamic Religious Education",SS2113
STEM,TECHNICAL STUDIES,"Business Studies,Computer Studies,Power Mechanics",ST3108
SOCIAL SCIENCES,HUMANITIES & BUSINESS STUDIES,"Business Studies,French,Geography",SS2068
ARTS & SPORTS SCIENCE,SPORTS,"Biology,Media Technology,Sports & Recreation",AS2015
STEM,PURE SCIENCES,"Advanced Mathematics,Physics,Power Mechanics",ST1040
SOCIAL SCIENCES,LANGUAGES & LITERATURE,"Fasihi ya Kiswahili,History & Citizenship,Indigenous Language",SS1024
STEM,APPLIED SCIENCES,"Computer Studies,Home Science,Physics",ST2031
STEM,TECHNICAL STUDIES,"General Science,Home Science,Wood Work",ST3048
SOCIAL SCIENCES,HUMANITIES & BUSINESS STUDIES,"German,Hindu Religious Education,History & Citizenship",SS2081
STEM,APPLIED SCIENCES,"Chemistry,Computer Studies,Geography",ST2013
SOCIAL SCIENCES,LANGUAGES & LITERATURE,"Fasihi ya Kiswahili,History & Citizenship,Literature in English",SS1081
STEM,TECHNICAL STUDIES,"Advanced Mathematics,Geography,Wood Work",ST3064
SOCIAL SCIENCES,HUMANITIES & BUSINESS STUDIES,"Arabic,Hindu Religious Education,History & Citizenship",SS2059
STEM,TECHNICAL STUDIES,"Geography,Marine & Fisheries,Power Mechanics",ST3019
SOCIAL SCIENCES,HUMANITIES & BUSINESS STUDIES,"Business Studies,Hindu Religious Education,Mandarine Chinese",SS2014
STEM,APPLIED SCIENCES,"Agriculture,Geography,Marine & Fisheries",ST2084
SOCIAL SCIENCES,HUMANITIES & BUSINESS STUDIES,"Fasihi ya Kiswahili,Geography,Hindu Religious Education",SS2037
SOCIAL SCIENCES,HUMANITIES & BUSINESS STUDIES,"Geography,Hindu Religious Education,History & Citizenship",SS2020
SOCIAL SCIENCES,HUMANITIES & BUSINESS STUDIES,"Arabic,Business Studies,Islamic Religious Education",SS2104
STEM,TECHNICAL STUDIES,"Biology,Geography,Metal Work",ST3098
STEM,PURE SCIENCES,"Advanced Mathematics,Building & Construction,Physics",ST1032
STEM,TECHNICAL STUDIES,"General Science,Marine & Fisheries,Wood Work",ST3049
STEM,APPLIED SCIENCES,"Agriculture,General Science,Home Science",ST2088
STEM,TECHNICAL STUDIES,"Business Studies,Metal Work,Physics",ST3092
SOCIAL SCIENCES,HUMANITIES & BUSINESS STUDIES,"Arabic,Geography,Islamic Religious Education",SS2030
SOCIAL SCIENCES,HUMANITIES & BUSINESS STUDIES,"Business Studies,Geography,German",SS2066
SOCIAL SCIENCES,HUMANITIES & BUSINESS STUDIES,"Business Studies,Islamic Religious Education,Mandarine Chinese",SS2015
STEM,APPLIED SCIENCES,"Business Studies,Computer Studies,General Science",ST2002
STEM,PURE SCIENCES,"Advanced Mathematics,Business Studies,Chemistry",ST1013
ARTS & SPORTS SCIENCE,ARTS,"Business Studies,Fine Arts,Music & Dance",AS1020
SOCIAL SCIENCES,LANGUAGES & LITERATURE,"French,History & Citizenship,Mandarine Chinese",SS1056
SOCIAL SCIENCES,HUMANITIES & BUSINESS STUDIES,"Arabic,Business Studies,Geography",SS2084
SOCIAL SCIENCES,LANGUAGES & LITERATURE,"Arabic,History & Citizenship,Kenya Sign Language",SS1072
ARTS & SPORTS SCIENCE,SPORTS,"Christian Religious Education,General Science,Sports & Recreation",AS2019
SOCIAL SCIENCES,HUMANITIES & BUSINESS STUDIES,"Business Studies,Islamic Religious Education,Literature in English",SS2011
STEM,APPLIED SCIENCES,"Computer Studies,Home Science,Power Mechanics",ST2032
SOCIAL SCIENCES,LANGUAGES & LITERATURE,"Arabic,Business Studies,French",SS1004
STEM,APPLIED SCIENCES,"Agriculture,Business Studies,Power Mechanics",ST2054
SOCIAL SCIENCES,HUMANITIES & BUSINESS STUDIES,"Geography,History & Citizenship,Islamic Religious Education",SS2022
ARTS & SPORTS SCIENCE,ARTS,"Computer Studies,Fine Arts,Theatre & Film",AS1004
SOCIAL SCIENCES,HUMANITIES & BUSINESS STUDIES,"Christian Religious Education,French,Geography",SS2040
SOCIAL SCIENCES,LANGUAGES & LITERATURE,"Geography,Indigenous Language,Literature in English",SS1061
SOCIAL SCIENCES,HUMANITIES & BUSINESS STUDIES,"Business Studies,General Science,Geography",SS2067
STEM,TECHNICAL STUDIES,"Electricity,Geography,Media Technology",ST3025
SOCIAL SCIENCES,HUMANITIES & BUSINESS STUDIES,"French,Geography,History & Citizenship",SS2016
STEM,TECHNICAL STUDIES,"Business Studies,Geography,Metal Work",ST3087
STEM,APPLIED SCIENCES,"Agriculture,Aviation,Home Science",ST2079
SOCIAL SCIENCES,HUMANITIES & BUSINESS STUDIES,"Business Studies,Fasihi ya Kiswahili,Hindu Religious Education",SS2111
SOCIAL SCIENCES,HUMANITIES & BUSINESS STUDIES,"Business Studies,Fasihi ya Kiswahili,Geography",SS2073
SOCIAL SCIENCES,LANGUAGES & LITERATURE,"Arabic,French,Geography",SS1015
SOCIAL SCIENCES,HUMANITIES & BUSINESS STUDIES,"Business Studies,French,Hindu Religious Education",SS2114
STEM,PURE SCIENCES,"Advanced Mathematics,Geography,Physics",ST1036
SOCIAL SCIENCES,LANGUAGES & LITERATURE,"French,General Science,Mandarine Chinese",SS1054
SOCIAL SCIENCES,HUMANITIES & BUSINESS STUDIES,"Advanced Mathematics,Business Studies,History & Citizenship",SS2102
ARTS & SPORTS SCIENCE,ARTS,"Fine Arts,Literature in English,Theatre & Film",AS1014
STEM,APPLIED SCIENCES,"Agriculture,Biology,Business Studies",ST2044
ARTS & SPORTS SCIENCE,SPORTS,"Biology,Christian Religious Education,Sports & Recreation",AS2004
ARTS & SPORTS SCIENCE,ARTS,"Islamic Religious Education,Music & Dance,Theatre & Film",AS1041
ARTS & SPORTS SCIENCE,ARTS,"Fine Arts,History & Citizenship,Theatre & Film",AS1013
SOCIAL SCIENCES,LANGUAGES & LITERATURE,"Fasihi ya Kiswahili,French,Kenya Sign Language",SS1035
STEM,TECHNICAL STUDIES,"Business Studies,Home Science,Metal Work",ST3088
STEM,PURE SCIENCES,"Advanced Mathematics,Chemistry,Home Science",ST1017
STEM,APPLIED SCIENCES,"Business Studies,Computer Studies,Geography",ST2003
STEM,APPLIED SCIENCES,"Advanced Mathematics,Biology,Home Science",ST2041
SOCIAL SCIENCES,LANGUAGES & LITERATURE,"Arabic,Fasihi ya Kiswahili,Kenya Sign Language",SS1021
STEM,APPLIED SCIENCES,"Agriculture,Biology,Computer Studies",ST2057
STEM,PURE SCIENCES,"Advanced Mathematics,Home Science,Physics",ST1037
SOCIAL SCIENCES,HUMANITIES & BUSINESS STUDIES,"General Science,Hindu Religious Education,History & Citizenship",SS2078
SOCIAL SCIENCES,HUMANITIES & BUSINESS STUDIES,"Business Studies,History & Citizenship,Islamic Religious Education",SS2007
SOCIAL SCIENCES,LANGUAGES & LITERATURE,"Business Studies,Indigenous Language,Literature in English",SS1012
ARTS & SPORTS SCIENCE,SPORTS,"Fasihi ya Kiswahili,General Science,Sports & Recreation",AS2022
STEM,APPLIED SCIENCES,"Agriculture,General Science,Geography",ST2082
STEM,PURE SCIENCES,"Advanced Mathematics,General Science,Home Science",ST1029
STEM,TECHNICAL STUDIES,"Business Studies,Marine & Fisheries,Media Technology",ST3041
SOCIAL SCIENCES,HUMANITIES & BUSINESS STUDIES,"Business Studies,Computer Studies,Islamic Religious Education",SS2107
STEM,TECHNICAL STUDIES,"Geography,Marine & Fisheries,Metal Work",ST3102
STEM,APPLIED SCIENCES,"Agriculture,Computer Studies,Power Mechanics",ST2068
SOCIAL SCIENCES,HUMANITIES & BUSINESS STUDIES,"Christian Religious Education,General Science,Geography",SS2043
ARTS & SPORTS SCIENCE,ARTS,"Fine Arts,Music & Dance,Sports & Recreation",AS1034
ARTS & SPORTS SCIENCE,SPORTS,"French,General Science,Sports & Recreation",AS2023
STEM,TECHNICAL STUDIES,"Advanced Mathematics,Business Studies,Media",ST3072
Technology,,,
ARTS & SPORTS SCIENCE,ARTS,"Fine Arts,Music & Dance,Theatre & Film",AS1035
ARTS & SPORTS SCIENCE,ARTS,"Fine Arts,Islamic Religious Education,Theatre & Film",AS1006
ARTS & SPORTS SCIENCE,ARTS,"Fasihi ya Kiswahili,Fine Arts,Music & Dance",AS1025
SOCIAL SCIENCES,HUMANITIES & BUSINESS STUDIES,"Business Studies,Fasihi ya Kiswahili,History & Citizenship",SS2096
ARTS & SPORTS SCIENCE,ARTS,"Fine Arts,Literature in English,Music & Dance",AS1031
SOCIAL SCIENCES,LANGUAGES & LITERATURE,"Arabic,Hindu Religious Education,Kenya Sign Language",SS1063
STEM,PURE SCIENCES,"Advanced Mathematics,Computer Studies,General Science",ST1027
SOCIAL SCIENCES,HUMANITIES & BUSINESS STUDIES,"Advanced Mathematics,Christian Religious Education,Geography",SS2053
STEM,TECHNICAL STUDIES,"General Science,Geography,Metal Work",ST3100
STEM,APPLIED SCIENCES,"Agriculture,Building & Construction,Geography",ST2074
SOCIAL SCIENCES,LANGUAGES & LITERATURE,"French,General Science,German",SS1053
STEM,APPLIED SCIENCES,"Agriculture,Geography,Metal Work",ST2073
STEM,TECHNICAL STUDIES,"Business Studies,Geography,Marine & Fisheries",ST3037
ARTS & SPORTS SCIENCE,SPORTS,"Arabic,General Science,Sports & Recreation",AS2016
STEM,APPLIED SCIENCES,"Agriculture,Business Studies,Geography",ST2050
SOCIAL SCIENCES,HUMANITIES & BUSINESS STUDIES,"Business Studies,Geography,Mandarine Chinese",SS2060
STEM,APPLIED SCIENCES,"Agriculture,Computer Studies,General Science",ST2061
STEM,TECHNICAL STUDIES,"Business Studies,Chemistry,Marine & Fisheries",ST3030
STEM,APPLIED SCIENCES,"Computer Studies,Geography,Home Science",ST2027
STEM,APPLIED SCIENCES,"Building & Construction,Computer Studies,Home Science",ST2022
SOCIAL SCIENCES,LANGUAGES & LITERATURE,"Computer Studies,Indigenous Language,Literature in English",SS1010
SOCIAL SCIENCES,HUMANITIES & BUSINESS STUDIES,"Business Studies,Christian Religious Education,Geography",SS2001
SOCIAL SCIENCES,HUMANITIES & BUSINESS STUDIES,"Geography,German,Islamic Religious Education",SS2045
SOCIAL SCIENCES,LANGUAGES & LITERATURE,"Christian Religious Education,French,German",SS1048
SOCIAL SCIENCES,LANGUAGES & LITERATURE,"Fasihi ya Kiswahili,Geography,Indigenous Language",SS1027
STEM,TECHNICAL STUDIES,"Advanced Mathematics,General Science,Media Technology",ST3076
STEM,TECHNICAL STUDIES,"Biology,Geography,Media Technology",ST3077
SOCIAL SCIENCES,LANGUAGES & LITERATURE,"Christian Religious Education,Indigenous Language,Literature in English",SS1003
STEM,PURE SCIENCES,"Advanced Mathematics,Building & Construction,General Science",ST1025
STEM,TECHNICAL STUDIES,"Advanced Mathematics,Business Studies,Wood Work",ST3036
SOCIAL SCIENCES,HUMANITIES & BUSINESS STUDIES,"French,Hindu Religious Education,History & Citizenship",SS2072
STEM,APPLIED SCIENCES,"Advanced Mathematics,Agriculture,Geography",ST2072
STEM,TECHNICAL STUDIES,"Business Studies,Home Science,Marine & Fisheries",ST3039
STEM,TECHNICAL STUDIES,"Advanced Mathematics,General Science,Power Mechanics",ST3119
SOCIAL SCIENCES,LANGUAGES & LITERATURE,"Arabic,Kenya Sign Language,Mandarine Chinese",SS1073
STEM,TECHNICAL STUDIES,"Business Studies,Home Science,Power Mechanics",ST3111
ARTS & SPORTS SCIENCE,ARTS,"Advanced Mathematics,Fine Arts,Music & Dance",AS1033
STEM,TECHNICAL STUDIES,"Geography,Media Technology,Wood Work",ST3069
SOCIAL SCIENCES,LANGUAGES & LITERATURE,"Arabic,Indigenous Language,Literature in English",SS1013
STEM,TECHNICAL STUDIES,"Computer Studies,General Science,Power Mechanics",ST3116
SOCIAL SCIENCES,HUMANITIES & BUSINESS STUDIES,"Fasihi ya Kiswahili,Geography,Islamic Religious Education",SS2036
STEM,APPLIED SCIENCES,"Business Studies,Chemistry,Computer Studies",ST2099
STEM,PURE SCIENCES,"Advanced Mathematics,Chemistry,Physics",ST1020
STEM,PURE SCIENCES,"Advanced Mathematics,Biology,Business Studies",ST1003
STEM,TECHNICAL STUDIES,"Electricity,General Science,Media Technology",ST3012
SOCIAL SCIENCES,LANGUAGES & LITERATURE,"Arabic,Christian Religious Education,French",SS1008
STEM,TECHNICAL STUDIES,"Business Studies,Home Science,Media Technology",ST3070
STEM,TECHNICAL STUDIES,"Computer Studies,General Science,Metal Work",ST3093
STEM,APPLIED SCIENCES,"Computer Studies,General Science,Home Science",ST2026
SOCIAL SCIENCES,HUMANITIES & BUSINESS STUDIES,"Christian Religious Education,French,History & Citizenship",SS2075
STEM,TECHNICAL STUDIES,"Biology,Business Studies,Marine & Fisheries",ST3028
STEM,TECHNICAL STUDIES,"Biology,Geography,Marine & Fisheries",ST3052